{
  "nw05_v2": {
    "best_rmse": 9.189126343863267,
    "best_mae": 7.4020903195441194,
    "best_ep": 69,
    "swa_rmse": 9.715947645473108,
    "swa_mae": 7.792053192708607,
    "swa_epochs": [
      70
    ],
    "train_time": 4509.978460788727
  },
  "config": {
    "mode": "swa",
    "region": "0.5deg NW v2",
    "rect": [
      61.5,
      62.0,
      34.2,
      34.7
    ],
    "epochs": 100,
    "max_lr": 0.0005,
    "base_ch": 48,
    "n_params": 4284961
  }
}