{
  "small": {
    "rmse": 55.2546251802404,
    "mae": 48.4869698582205,
    "time": 1.4332611560821533,
    "rect_bounds": [
      61.5,
      62.0,
      34.0,
      34.5
    ],
    "n_blank": 2632
  },
  "medium": {
    "rmse": 42.62040692137187,
    "mae": 35.64575424791669,
    "time": 1.5337202548980713,
    "rect_bounds": [
      61.2,
      62.0,
      34.0,
      34.8
    ],
    "n_blank": 6675
  },
  "large": {
    "rmse": 50.4844597884727,
    "mae": 39.625677400325884,
    "rect_bounds": [
      62.0,
      63.0,
      32.5,
      33.5
    ],
    "n_blank": 10528
  },
  "config": {
    "n_kriging_ctrl": 2000,
    "variogram": "spherical"
  }
}