{
  "region": "2.0\u00b0 SE",
  "rect": [
    64.5,
    66.5,
    30.0,
    32.0
  ],
  "rmse": 56.07490804881193,
  "mae": 46.559716593354956,
  "time": 11.850041151046753
}