{
  "region": "1.5\u00b0 SE",
  "rect": [
    64.75,
    66.25,
    30.25,
    31.75
  ],
  "rmse": 61.76765333496806,
  "mae": 50.15108640711059,
  "time": 18.595861196517944
}