{
  "rect": {
    "rmse": 37.24430529486695,
    "mae": 30.629625285095308,
    "best_epoch": 35,
    "train_time": 4492.427597284317,
    "n_params": 4284961
  },
  "irreg": {
    "rmse": 25.760651089956315,
    "mae": 18.268334656768573,
    "best_epoch": 30,
    "train_time": 4571.775399684906,
    "n_params": 4284961
  }
}