{
  "region": "0.5\u00b0 NW",
  "rect": [
    61.3,
    61.8,
    34.8,
    35.3
  ],
  "rmse": 59.75287890731377,
  "mae": 59.47114647513277,
  "time": 14.835750818252563
}