{
  "region": "0.5deg NW v2",
  "rect": [
    61.5,
    62.0,
    34.2,
    34.7
  ],
  "rmse": 30.077179503549942,
  "mae": 28.515386270792746,
  "time": 6.659822225570679
}