{
  "rect": {
    "rmse": 47.345854521719176,
    "mae": 37.36755259879518,
    "time": 2.7861127853393555
  },
  "irreg": {
    "rmse": 53.62691245955833,
    "mae": 42.78626829550331,
    "time": 2.1431376934051514
  },
  "config": {
    "n_kriging_ctrl": 2000,
    "variogram": "spherical"
  }
}