{
  "se15": {
    "best_rmse": 51.441005733395535,
    "best_mae": 43.60363160625107,
    "best_ep": 31,
    "swa_rmse": 55.769364143814926,
    "swa_mae": 48.00639445303199,
    "swa_epochs": [
      30
    ],
    "train_time": 4334.561746835709
  },
  "config": {
    "mode": "swa",
    "region": "1.5deg SE",
    "rect": [
      64.75,
      66.25,
      30.25,
      31.75
    ],
    "epochs": 100,
    "max_lr": 0.0005,
    "base_ch": 48,
    "n_params": 4284961
  }
}