{
  "nw05": {
    "best_rmse": 20.782571946374354,
    "best_mae": 17.256748259181673,
    "best_ep": 62,
    "swa_rmse": 22.74549419764466,
    "swa_mae": 16.498227027792712,
    "swa_epochs": [
      60
    ],
    "train_time": 4311.821975708008
  },
  "config": {
    "mode": "swa",
    "region": "0.5deg NW",
    "rect": [
      61.3,
      61.8,
      34.8,
      35.3
    ],
    "epochs": 100,
    "max_lr": 0.0005,
    "base_ch": 48,
    "n_params": 4284961
  }
}